explanation,total_time,time_list
celebA,-,-
ca_bi_features,-,-
"[[(188, 207)], [(66, 159), (160, 81), (161, 81), (131, 81)]]",213.59090948104858,"[98.93559908866882, 114.65531039237976]"
ca_ir_features,-,-
"[[(77, 176), (193, 168), (130, 207), (77, 127), (147, 207), (77, 177), (193, 195), (193, 134), (77, 125), (111, 91), (193, 166), (77, 147), (193, 194), (193, 138), (94, 91), (193, 178), (77, 100), (90, 91), (77, 101), (77, 134), (97, 207), (77, 154), (86, 207), (152, 207), (193, 135), (77, 175), (193, 177), (193, 132), (127, 207), (91, 91), (147, 91), (193, 196), (193, 128), (145, 91), (77, 128), (112, 207), (193, 139), (193, 179), (193, 170), (126, 207), (193, 133), (193, 129), (77, 132), (77, 126), (77, 129), (146, 207), (193, 167), (77, 187), (193, 175), (97, 91), (77, 139), (193, 126), (101, 207), (113, 207), (110, 91), (193, 130), (142, 91), (193, 127), (77, 133), (77, 149), (77, 174), (95, 91), (119, 91), (77, 142), (77, 148), (99, 207), (77, 138), (118, 91), (193, 131), (115, 91), (77, 172), (77, 131), (77, 153), (77, 173), (93, 91), (77, 140), (149, 91), (77, 163), (77, 136), (77, 159), (100, 207), (116, 91), (77, 141), (115, 207), (77, 170), (77, 130), (77, 158), (154, 207), (77, 162), (77, 166), (146, 91), (140, 91), (77, 150), (77, 151), (77, 152), (92, 91), (117, 91), (77, 167), (77, 171), (77, 165), (77, 160), (77, 161), (77, 164), (114, 91), (77, 169), (77, 168), (112, 91)], [(66, 125), (201, 208), (153, 216), (201, 216), (201, 216), (200, 216), (72, 81), (201, 210), (195, 216), (201, 206), (151, 216), (155, 216), (201, 213), (154, 216), (175, 216), (176, 216), (180, 216), (174, 216), (178, 216), (201, 212), (177, 216), (193, 216), (161, 216), (157, 216), (201, 207), (173, 216), (117, 216), (69, 216), (127, 216), (66, 192), (66, 178), (165, 216), (164, 216), (172, 216), (68, 216), (67, 216), (123, 216), (122, 216), (168, 216), (169, 216), (66, 193), (116, 216), (160, 216), (66, 212), (66, 216), (66, 216), (120, 216), (73, 216), (66, 214), (167, 216), (76, 216), (71, 216), (125, 216), (77, 216), (118, 216), (156, 216), (163, 216), (66, 210), (66, 204), (166, 216), (70, 216), (72, 216), (162, 216), (121, 216), (126, 216), (66, 202), (171, 216), (66, 213), (119, 216), (79, 216), (78, 216), (75, 216), (201, 209), (81, 216), (170, 216), (80, 216), (66, 198), (66, 215), (66, 206), (114, 216), (66, 205), (66, 208), (66, 211), (66, 199), (115, 216), (66, 196), (74, 216), (66, 203), (113, 216), (201, 211), (112, 216), (93, 216), (124, 216), (66, 200), (66, 207), (97, 216), (92, 216), (83, 216), (96, 216), (66, 209), (132, 216), (89, 216), (84, 216), (66, 195), (95, 216), (82, 216), (131, 216), (88, 216), (91, 216), (66, 201), (90, 216), (99, 216), (98, 216), (94, 216), (111, 216), (66, 197), (87, 216), (100, 216), (101, 216), (109, 216), (108, 216), (110, 216), (85, 216), (128, 216), (86, 216), (129, 216), (102, 216), (105, 216), (103, 216), (159, 216), (107, 216), (106, 216), (158, 216), (104, 216), (130, 216), (66, 194), (149, 216)]]",-,-
FairFace,-,-
ff_bi_features,-,-
"[[(36, 11), (22, 12), (34, 11), (22, 16), (22, 20), (95, 190), (22, 32), (86, 190), (22, 17), (22, 27), (22, 25), (22, 26), (84, 190), (22, 33), (22, 24), (35, 11), (22, 30), (22, 28), (22, 36), (22, 40), (22, 41), (37, 11)]]",120.35767865180969,[120.35767865180969]
ff_ir_features,-,-
"[[(201, 129), (196, 190), (201, 46), (201, 137), (22, 117), (201, 48), (22, 60), (137, 11), (201, 38), (190, 190), (195, 190), (201, 39), (91, 11), (162, 11), (170, 11), (67, 11), (201, 24), (201, 27), (201, 139), (168, 11), (188, 190), (166, 11), (201, 44), (22, 167), (189, 190), (42, 190), (201, 11), (201, 11), (191, 190), (22, 121), (71, 11), (181, 190), (22, 147), (201, 19), (22, 189), (22, 134), (200, 11), (201, 118), (201, 36), (138, 11), (22, 113), (40, 190), (74, 11), (22, 133), (201, 37), (201, 28), (44, 190), (102, 190), (86, 11), (201, 109), (201, 13), (165, 11), (22, 187), (61, 190), (186, 190), (22, 190), (22, 190), (169, 11), (22, 146), (201, 17), (148, 11), (163, 11), (92, 11), (31, 190), (190, 11), (191, 11), (183, 190), (22, 163), (22, 59), (69, 11), (201, 31), (67, 190), (184, 190), (141, 11), (201, 131), (144, 11), (201, 49), (188, 11), (201, 158), (22, 178), (201, 42), (167, 11), (201, 34), (187, 190), (36, 190), (22, 106), (201, 29), (189, 11), (72, 11), (201, 21), (147, 11), (201, 45), (45, 190), (194, 11), (198, 11), (71, 190), (192, 11), (196, 11), (172, 11), (201, 30), (199, 11), (171, 11), (201, 23), (201, 189), (63, 190), (201, 184), (161, 190), (79, 190), (201, 25), (186, 11), (22, 136), (32, 190), (41, 190), (187, 11), (201, 35), (201, 47), (201, 32), (193, 11), (180, 11), (182, 190), (51, 190), (195, 11), (87, 11), (22, 180), (201, 58), (184, 11), (201, 43), (194, 190), (182, 11), (176, 11), (53, 11), (22, 115), (185, 11), (180, 190), (78, 190), (197, 11), (179, 11), (22, 138), (177, 11), (90, 11), (185, 190), (173, 11), (22, 186), (181, 11), (22, 114), (178, 11), (175, 11), (183, 11), (179, 190), (174, 11), (77, 190), (88, 11), (172, 190), (58, 190), (22, 110), (201, 111), (201, 33), (73, 11), (66, 190), (22, 150), (22, 111), (22, 108), (60, 190), (201, 143), (64, 190), (22, 116), (22, 137), (22, 109), (38, 190), (59, 190), (149, 11), (22, 148), (43, 190), (65, 190), (89, 11), (22, 107), (85, 11)]]",-,-
